{
  "timestamp": "2025-10-31 12:02:14",
  "n_test": 817,
  "auc": 0.5,
  "avg_precision": 0.7307221542227662,
  "accuracy": 0.7307221542227662,
  "f1": 0.8444130127298444
}