{
  "timestamp": "2025-10-31 12:04:43",
  "n_train": null,
  "n_test": 73,
  "threshold": 0.64,
  "auc_roc": 0.5076754385964912,
  "avg_precision": 0.7741248820947655,
  "accuracy": 0.2876712328767123,
  "precision": 0.7272727272727273,
  "recall": 0.14035087719298245,
  "f1": 0.23529411764705882
}