{
  "timestamp": "2025-11-05 06:51:54",
  "n_test": 817,
  "auc": 0.5,
  "avg_precision": 0.6768665850673194,
  "accuracy": 0.6768665850673194,
  "f1": 0.8072992700729927
}