{
  "timestamp": "2025-10-31 12:08:56",
  "n_train": null,
  "n_test": 73,
  "threshold": 0.92,
  "auc_roc": 0.5328947368421053,
  "avg_precision": 0.7928034977843426,
  "accuracy": 0.2602739726027397,
  "precision": 0.8,
  "recall": 0.07017543859649122,
  "f1": 0.12903225806451613
}