{
  "timestamp": "2025-11-12 16:00:21",
  "n_test": 817,
  "auc": 0.5444571341556266,
  "avg_precision": 0.7720296298596614,
  "accuracy": 0.5691554467564259,
  "f1": 0.6782449725776966
}