{
  "timestamp": "2025-10-31 12:06:03",
  "n_train": null,
  "n_test": 73,
  "threshold": 0.58,
  "auc_roc": 0.5942982456140351,
  "avg_precision": 0.7864937912003511,
  "accuracy": 0.3424657534246575,
  "precision": 0.7647058823529411,
  "recall": 0.22807017543859648,
  "f1": 0.35135135135135137
}