{
  "timestamp": "2025-10-31 11:56:35",
  "n_train": null,
  "n_test": 73,
  "threshold": 0.89,
  "auc_roc": 0.5076754385964912,
  "avg_precision": 0.7697761047681193,
  "accuracy": 0.2191780821917808,
  "precision": 0.5,
  "recall": 0.03508771929824561,
  "f1": 0.06557377049180328
}