{
  "timestamp": "2025-11-05 06:49:14",
  "n_train": null,
  "n_test": 73,
  "threshold": 0.54,
  "auc_roc": 0.4975845410628019,
  "avg_precision": 0.6410362661120658,
  "accuracy": 0.5068493150684932,
  "precision": 0.65625,
  "recall": 0.45652173913043476,
  "f1": 0.5384615384615384
}